{
    "name": "SpeedifyPress",
    "slug": "speedify_press",
    "author": "<a href='https:\/\/speedifypress.com'>SpeedifyPress<\/a>",
    "author_profile": "https:\/\/speedifypress.com",
    "homepage": "https:\/\/speedifypress.com",
    "version": "0.70.20",
    "requires": "4.7",
    "tested": "6.8.3",
    "requires_php": "7.2.24",
    "sections": {
        "description": "The ultimate WordPress Optimisation toolkit",
        "changelog": "<h4>0.70.2 - 18 November, 2025<\/h4><ul><li>Tweak to icon font identification<\/li><\/ul><h4>0.70.1 - 17 November, 2025<\/h4><ul><li>Add cookie fallback for CSRF token<\/li><\/ul><h4>0.70.0 - 14 November, 2025<\/h4><ul><li>Remove CSRF replacement from CF worker<\/li><li>Add Woo nonce replacement<\/li><li>Add improvements to CSRF token generation<\/li><li>Ensure templates are replaced before JS runs<\/li><li>Add page preloads\/prerenders<\/li><li>Update Sabberworm version<\/li><li>Move vendor to dependencies<\/li><li>Create patch for HtmlNode charset<\/li><\/ul><h4>0.67.0 - 23 October, 2025<\/h4><ul><li>Unused CSS tweaks to handle glitched CSS<\/li><\/ul><h4>0.67.0 - 22 October, 2025<\/h4><ul><li>Add page preloading<\/li><li>Fix double find replace<\/li><li>Forced image lazyloads<\/li><li>Admin menu restructure<\/li><\/ul><h4>0.66.7 - 17 October, 2025<\/h4><ul><li>Unused fonts fixes<\/li><\/ul><h4>0.66.5 - 16 October, 2025<\/h4><ul><li>Mobile font fixes<\/li><li>Activation compatibility checks<\/li><\/ul><h4>0.66.4 - 15 October, 2025<\/h4><ul><li>Fix debugging in Unused<\/li><li>Fix admin bar nonce timeout<\/li><li>Fix protocol relative Google fonts<\/li><\/ul><h4>0.66.3 - 15 October, 2025<\/h4><ul><li>Fixes for rest nonce expiring<\/li><\/ul><h4>0.66.2 - 14 October, 2025<\/h4><ul><li>Fixes to Unused class<\/li><li>Fixes for purging on post save<\/li><li>Fixes for rest nonce<\/li><\/ul><p>Full changelog: <a href='https:\/\/github.com\/SpeedifyPress\/SpeedifyPress\/blob\/main\/CHANGELOG.md'>https:\/\/github.com\/SpeedifyPress\/SpeedifyPress\/blob\/main\/CHANGELOG.md<\/a><\/p>",
        "faq": "<h3>How to use the  Cache Settings?<\/h3>\n\n<div>        <!-- Mode Selection -->    <div>            <h4>Mode Selection<\/h4>    <\/div>            <h4>Choose the Cache Mode<\/h4>    <p>      When you first install the plugin, the mode setting will be set to       <span>Fully Disabled<\/span>.       This means that no caching will take place until you enable it and update the mode    <\/p>    <h4>Choose the page preload mode<\/h4>    <p>         Here you can choose how the plugin should perform page preloading. This is when the page for the user's next visit is preloaded before they visit it.          <\/p><ul>          <li>\"On hover\" will prefetch the page when the user hovers over the link on desktop. On mobile it'll start the prefetch when they touch the link (before releasing it). Uses prefetch and will fetch all links (cached or not)<\/li>          <li>\"Intelligent\" will prerender links as soon as they enter the viewport (or prefetch if that's not supported). It uses sensible throttles and will only preload links that are in the cache. Non-cached links default to the onhover method.<\/li>        <\/ul>        <h4>Choose the cache lifetime<\/h4>    <p>      This decides how long your cached files will last for being automatically deleted. <i>Never Expires<\/i> is the recommended but it's possible you could run into issues with expired nonce (in which case, set to 6hrs)    <\/p>        <!-- Separate Caches -->    <div>            <h4>Cache Outputs<\/h4>    <\/div>    <h4>Device Paths &amp; Compression<\/h4>    <p>      Allows you to create separate caches for:    <\/p>        <ul>      <li>Mobile users. Use this if mobile users are shown a different site (rather than a responsive site)<\/li>      <li>Cookies<\/li>      <li>Logged in users, by user role. Note that logged in users with the same role will see the same content, unless you use <i>Bypass URLs<\/i> to prevent that or exclude certain page areas from caching.<\/li>    <\/ul>    <p>      Also allows you to force gzipped compressed output if this (or brotli) hasn't already been setup on the server.     <\/p>        <h4>Logged in users (BETA)<\/h4>    <p>      This BETA feature allows you to exclude certain areas from logged-in caching. The options work as follows:    <\/p>           <ul>      <li>Area. Use a CSS selector to define the area or areas of the page not to be cached<\/li>      <li>Skeleton. Area will be hidden with a skeleton while they are loaded in. Choose the skeleton type to use. <\/li>      <li>Delay JS Execution. Selecting this option will ensure that any JS applied to the replacement areas will run properly, as all JS will only run after the swap. Will only work is Delay JS is enabled for the page.<\/li>    <\/ul>        <!-- Filters -->    <div>            <h4>Filters<\/h4>    <\/div>    <h4>Bypass When Cookies Present<\/h4>    <p>      Enter a line seprate list of (partial) cookie names that, if detected, will prevent caching from taking place. For example:    <\/p>                         <ul>      <li> <i>wordpress_logged_in_<\/i> &rarr; Excludes logged-in users.<\/li>      <li> <i>woocommerce_cart_hash<\/i> &rarr; Excludes users with an item in their cart.<\/li>    <\/ul>            <h4>Bypass URLs<\/h4>    <p>      Specify a line separated list of (partial) URLs where no caching should take place. For example, if you're caching logged in users you might want to add <i>my-account<\/i> here    <\/p>                         <h4>Bypass User Agents<\/h4>    <p>       Specify a line separated list of (partial) user agents for which no caching should take place    <\/p>                         <h4>Ignore Querystrings<\/h4>    <p>      Specify a line separated list of querystrings that should be ignored for caching.       For example, to ensure that users arriving from a Klaviyo newsletter all get the cached content <i>nb_klid<\/i> is necessary here. An extensive default list comes with the plugin.     <\/p>                       <\/div>\n<h3>How to use the  Cloudflare Settings?<\/h3>\n\n<div>        <!-- Mode Selection -->    <div>            <h4>Getting Started<\/h4>    <\/div>            <p>      Your worker will need to be able to clear the Cloudflare cache. To do this, it needs to know your Zone ID and to have a Cloudflare API token with Cache Purge permissions.    <\/p>    <h4>Get Your Zone ID and API Key<\/h4>    <ul>      <li>Select the site you want to cache in the account home<\/li>      <li>Look in the right bar and make note of the <strong>Zone ID<\/strong><\/li>      <li>Click 'Get your API token' just below that<\/li>      <li>Click 'Create Token' then 'Create Custom Token' &gt; 'Get Started'<\/li>      <li>Add CF_API_TOKEN for the Token name<\/li>      <li>For Permissions, we only need to add one permission: Zone | Cache Purge | Purge<\/li>      <li>Leave the other options and Click 'Continue to Summary'<\/li>      <li>Click Create Token and <strong>make note of the token<\/strong><\/li>    <\/ul>         <h4>Add Your Secrets<\/h4>    <ul>          <li>Now click back on the Cloudflare logo and choose your account<\/li>      <li>Click 'Secrets Store'<\/li>      <li>Click <strong>Create Secret<\/strong><\/li>      <li><i>Name:<\/i> ZONE_ID | <i>Value:<\/i> the Zone ID you've already made note of | <i>Permission scope:<\/i> Workers<\/li>      <li>Save<\/li>      <li>Click Create Secret<\/li>      <li><i>Name:<\/i> CF_API_TOKEN | <i>Value:<\/i> the token you've already made note of | <i>Permission scope:<\/i> Workers<\/li>      <li>Click <strong>Create Secret<\/strong><\/li>    <\/ul>          <h4>Add A Worker<\/h4>    <p>      Log into your Cloudflare account and click Compute (Workers) in the left bar          <\/p>    <ul>      <li>Click <strong>Create<\/strong><\/li>      <li>Click <strong>Hello World<\/strong><\/li>      <li>Click <strong>Deploy<\/strong><\/li>    <\/ul>                     <h4>Edit The Worker<\/h4>    <p>      Now click \"Edit Code\" and edit the worker code.    <\/p>    <ul>      <li>Replace the entire code in the left window with the worker script here<\/li>      <li>Click Deploy<\/li>    <\/ul>    <!-- Route -->    <div>            <h4>Worker Route<\/h4>    <\/div>    <p>      Your Worker is now setup, but we need to tell Cloudflare where to find it.    <\/p>        <h4>How to add a route:<\/h4>    <ul>      <li>Click on the worker name (on current screen or via Compute &gt; Worker Name)<\/li>      <li>Click <strong>Settings<\/strong><\/li>      <li>Click <strong>+ Add<\/strong><\/li>      <li>Click <strong>Route<\/strong><\/li>      <li>In the <strong>Zone<\/strong> dropdown choose your domain. <\/li>      <li>In the <strong>Route<\/strong> textbox write <i>*.domainName.com\/*<\/i> to serve the worker from the entire domain and all subdomains. <\/li>      <li>If you'd prefer to test first, choose a specific URL to test on, e.g <i>domainName.com\/test-page<\/i><\/li>      <li>Choose <strong>Fail open (proceed)<\/strong><\/li>      <li>Click Add Route<\/li>    <\/ul>            <!-- Test -->    <div>            <h4>Test The Worker<\/h4>    <\/div>        <p>      Now it's time to test the worker is running OK    <\/p>                         <ul>      <li>Go to your test page<\/li>      <li>Look at the document Response Headers in the console<\/li>      <li>When hitting a cachable page for the first time the <i>x-spdy-status<\/i> header should say SAVED (plus random number)<\/li>      <li>When revisiting the page, the <i>x-spdy-status<\/i> header should say HIT<\/li>    <\/ul>                         <!-- Preload -->    <div>            <h4>Lazy Preload<\/h4>    <\/div>      <p>      The Cloudflare cache works with a lazy preload. This means that when the cache is cleared (manually, or after a page update), the next page load will load from the cache but update in the background.       This means users will never get the slower, uncached page BUT you may need to reload a page twice to see the latest version.     <\/p>    <!-- Multiple sites -->    <div>            <h4>Multiple Sites<\/h4>    <\/div>      <p>      This worker will work fine with multiple wordpress sites on the same domain (or subdomains). However, they must all have the same NONCE_SALT defined in wp-config.php. (This should match the this.csrf_salt value defined in the worker, which it should do automatically). To update the NONCE_SALT on your sites, you can manually copy and paste it into the wp-config.php file.      <\/p>      <!-- Zstd sites -->    <div>            <h4>Zstd Compression<\/h4>    <\/div>      <p>      Zstd compression will get the best results in terms of TTFB. To enable go to Rules &gt; Compressions Rules &gt; Create  and Choose \"Enable Zstandard (Zstd) Compression\" for the default content types.     <\/p>            <p>&nbsp;<\/p>    <p>&nbsp;<\/p>    <p>&nbsp;<\/p>    <p>&nbsp;<\/p>  <\/div>\n<h3>How to use the  Code Insertion?<\/h3>\n\n<div>            <p>            <strong>Code Insertion<\/strong> provides a quick and easy way to insert code into the start of the document &lt;HEAD&gt; or the end of the document &lt;BODY&gt;        <\/p>        <h4>Head Code<\/h4>        <p>            Code added here will go at the start of the document &lt;HEAD&gt;. Use this for any stylesheets, scripts, meta tags, etc.        <\/p>        <h4>Body Code<\/h4>        <p>            Code added here will go at the end of the document &lt;BODY&gt;. Use this for any scripts you'd like to run here.        <\/p>                             <p id=\"helper-text-explanation\">                       Any scripts added to either section will get delayed by JavaScript delay, unless you add them as an exception.         <\/p>                                  <\/div>\n<h3>How to use the  CSS Settings?<\/h3>\n\n<div>        <!-- Mode Selection -->    <div>            <h4>Mode Selection<\/h4>    <\/div>            <h4>Choose the Unused CSS Mode<\/h4>    <p>      When you first install the plugin, the CSS setting will be set to       <span>Preview Mode<\/span>.       This allows you to test the plugin as an admin and ensure that unused CSS is removed as expected.    <\/p>    <ul>      <li><strong>Visit some pages<\/strong> on your site.<\/li>      <li><strong>Scroll and wait<\/strong> a few seconds on each page.<\/li>      <li>Keep <a href=\"#\">The Dashboard<\/a> open in another tab.<\/li>      <li>Monitor the <strong>Cache Status<\/strong>&mdash;the number of files &amp; pages should increase.<\/li>      <li><strong>Revisit the pages<\/strong>&mdash;they should now load with optimized CSS.<\/li>      <li> If not, try clearing your page cache (most caches should update automatically).<\/li>    <\/ul>                     <h4>Choose the Inclusion Method<\/h4>    <p>      Decide how your optimized CSS is loaded:    <\/p>    <ul>      <li> <strong>Inline CSS:<\/strong> Inserts all styles at the top of the document, improving Google PageSpeed Insights scores.<\/li>      <li> <strong>External CSS Files:<\/strong> Loads individual CSS files, making navigation smoother by caching CSS across multiple pages.<\/li>    <\/ul>    <!-- Filters -->    <div>            <h4>Filters<\/h4>    <\/div>    <h4>Force Include Selectors<\/h4>    <p>      Use this option to always include specific CSS selectors. If elements lose their styling, it&rsquo;s likely because JavaScript dynamically adds the CSS.    <\/p>        <h4> How to fix it:<\/h4>    <ul>      <li>Ensure that <strong>Preview Mode<\/strong> is enabled.<\/li>      <li>Open an incognito tab and visit the same page where styling is incorrect.<\/li>      <li>Right-click the affected element and select <strong>Inspect<\/strong>.<\/li>      <li>Find the CSS class responsible for applying the correct styles.<\/li>      <li>Add that class to the <strong>Force Include Selectors<\/strong> list.<\/li>      <li> Clear the cache and check if the issue is resolved.<\/li>    <\/ul>            <h4>Force Include URLs<\/h4>    <p>      Specify URLs where <strong>no CSS optimization<\/strong> should occur. Supports <strong>full URLs<\/strong> and <strong>regular expressions<\/strong>.    <\/p>                         <h4>Force Ignore Cookies<\/h4>    <p>      Exclude CSS processing based on cookie values.        Example:    <\/p>    <ul>      <li> <i>wordpress_logged_in_<\/i> &rarr; Excludes logged-in users.<\/li>      <li> <i>woocommerce_cart_hash<\/i> &rarr; Excludes users with an item in their cart.<\/li>    <\/ul>                         <h4>Generation by Screen Resolution<\/h4>    <p>      Generates optimized CSS at specific screen resolutions while using the same CSS for all resolutions.        Useful when page content significantly varies across different screen sizes.    <\/p>    <!-- Security -->    <div>            <h4>Security Config<\/h4>    <\/div>    <h4>CSRF Expiry<\/h4>    <p>      This changes the expiry time for the <strong>CSRF nonce<\/strong>. You may need to change this if your host uses their own caching solution and you're not using Cloudflare. In this case, set the expiry value to the same as the host's cache expiry time.     <\/p>            <h4>Force Include Limit<\/h4>    <p>      The maximum number of CSS classes to force include that can be generated per page. This limit prevents file-stuffing attacks.    <\/p>          <\/div>\n<h3>How to use the  CSS Stats?<\/h3>\n\n<div>            <p>            <strong>CSS Stats<\/strong> provide valuable insights into how CSS is being generated across your site and which plugins contribute to it.        <\/p>        <ul>            <li>The <strong>Unused<\/strong> column shows the number of CSS files generated but <strong>not used<\/strong> on any page.<\/li>            <li>The <strong>Used<\/strong> column displays the CSS files that are actively in use.<\/li>            <li>Click on a row for a <strong>detailed breakdown<\/strong> of how CSS is applied across your site.<\/li>        <\/ul>        <h4>By Plugin Folder<\/h4>        <p>            View a breakdown of <strong>CSS files generated per  plugin folder<\/strong>. This helps identify which plugins contribute the most to your site's styles.        <\/p>        <h4>By Path<\/h4>        <p>            Displays CSS caching stats <strong>for each  page path<\/strong>. This helps pinpoint where CSS is stored and how it's being utilized across different URLs.        <\/p>        <h4>By Post Types<\/h4>        <p>            Groups CSS stats by <strong> Post Type<\/strong>, allowing you to analyze <strong>which plugins affect different content types<\/strong>.        <\/p>        <ul>            <li>If certain post types <strong>only<\/strong> fill the <strong>Unused<\/strong> column, they likely don&rsquo;t need those styles&mdash;optimizing them can improve performance.<\/li>        <\/ul>    <\/div>\n<h3>How to use the  External Scripts?<\/h3>\n\n<div>                <h4>Locally host gtag.js<\/h4>            <p>                If you are using the standard Google Analytics tag then this generally results in a performance hit. One way to improve things is to host the file locally.                 Ticking this option will download the remote file and setup a cron job to ensure it's always kept up to date.                 This is the recommended method for most sites using GA.             <\/p>            <h4>Preload gtag.js<\/h4>            <p>                Adds a preload in for the locally hosted gtag.js. You won't generally see a performance increase from this, but it can be worth testing.            <\/p>            <hr>                  <h4>Add scripts to Partytown<\/h4>            <p>                 Partytown is an experimental feature that allows you load certain scripts via a web worker and therefore not in the main JavaScript thread.                 It was developed by <a href=\"https:\/\/partytown.builder.io\/\" target=\"_blank\">https:\/\/partytown.builder.io\/<\/a>. To add the locally hosted gtag here, just enter \"local_tag\" to the box.                 This will generally give a performance boost of a few points, but may affect the amount of sessions reported. It's therefore most suited to new sites.             <\/p>             <\/div>\n<h3>How to use the  Find Replace?<\/h3>\n\n<div>            <p>            <strong>Find\/Replace<\/strong> is an advanced feature that allows you to directly <strong>search and replace<\/strong> text in the HTML of all pages on your site.        <\/p>        <h4>Add Row<\/h4>        <p>            Start by clicking <strong>\"Add Row\"<\/strong> and entering either the text to find and replace or the CSS selector for an element to find\/replace. Advanced selectors are not supported.            <strong>Important:<\/strong> Regular expressions are <strong>not supported<\/strong>, and replacements are <strong>case-sensitive<\/strong>.        <\/p>        <h4>Choose Scope<\/h4>        <p>            Choose how replacements are applied:          <\/p>        <ul>            <li><strong>Scope: all text<\/strong> - Apply the replacement <strong>everywhere<\/strong> on the page.<\/li>            <li><strong>Scope: first first<\/strong> - Replace <strong>only the first occurrence<\/strong> of the text.<\/li>            <li><strong>Scope: first element<\/strong> - The find text is a CSS selector and will replace just the <strong>first<\/strong> matching element.<\/li>            <li><strong>Scope: all elements<\/strong> - The find text is a CSS selector and will replace <strong>all<\/strong> matching elements.<\/li>        <\/ul>                    <\/div>\n<h3>How to use the  Font Settings?<\/h3>\n\n<div>                <!-- Google options -->            <div>                                <h4>Google options<\/h4>                              <\/div>                    <h4>Locally host Google fonts<\/h4>            <p>                Select this to serve Google Fonts locally, rather than downloading them from the Google website. You should select this in order for the \"Only preload fonts on desktop\" option to work properly.             <\/p>                        <!-- Preload options -->            <div>                                <h4>Preload options<\/h4>                               <\/div>                             <h4>Preload fonts<\/h4>            <p>                This is a recommended feature for every site. It will prevent the flash of unstyled fonts that can happen on page load.             <\/p>            <h4>Don't preload icon fonts<\/h4>            <p>                Recommended for every site. It's generally not necessary to preload these, as they don't flash and the preload can be render blocking.                             <\/p>                <h4>Don't preload fonts on mobile<\/h4>            <p>                Recommended for every site. Font files on mobile are generally too heavy and preloading them will prevent high pagespeed scores.             <\/p>                              <!-- Advanced options -->            <div>                                <h4>Advanced options<\/h4>                              <\/div>                        <h4>Lazy load icon fonts<\/h4>            <p>                Recommended if you have icon fonts below the fold and they're causing render blocking. Will load in the icon fonts upon user interaction with the page.                             <\/p>                                        <h4>Use system fonts on mobile<\/h4>            <p>                Recommended for every site, in conjunction with \"Only preload fonts on desktop\". Instead of font files, system fonts are used on mobile which is much quicker.             <\/p>                <\/div>\n<h3>How to use the  Image Settings?<\/h3>\n\n<div>                <h4>Preload Image<\/h4>            <p>                This is a recommended feature for every site. Adding an image here will activate image lazy loading and set a default image to be displayed before the real image is loaded.                 It's recommended that you choose a very lightweight SVG image here.             <\/p>            <h4>Skip Lazyloading<\/h4>            <p>                Allows you to skip the lazyloading of certain images. This would normally be for images that are shown above the fold. For example, you should skip lazyloading of your logo.                 Any images that are added here will be preloaded by default.             <\/p>                  <h4>Force Lazyloading<\/h4>            <p>                Allows you to force the lazyloading of certain images. This would normally be for images that have been identified as an LCP image at desktop but are shown above the fold at mobile.            <\/p>                        <\/div>\n<h3>How to use the  Javascript Settings?<\/h3>\n\n<div>            <div>                        <h4>                             Defer JavaScript            <\/h4>        <\/div>                    <p>                Ticking the Defer JavaScript textbox will add the <i>defer<\/i> attribute to the script tag. This will defer the loading of the JavaScript until after the DOM has finished parsing (but before the DOM content is ready).                  Try this one first and see what the effect is on page speed.             <\/p>            <h4>Exclude scripts from defer<\/h4>            <p>                Enter any script name or partial script names here to have them excluded from deferring. It will match against the entire script block, including tags such as <i>rel<\/i> and the script contents.                  This can help prevent conflicts with essential scripts.             <\/p>                        <h4>Exclude URLs from defer<\/h4>            <p>                JavaScript will not be deferred on any URLs that match strings or regular expressions entered here.                  Useful for ensuring key functionality remains intact.             <\/p>                    <div>                        <h4>                             Delay JavaScript            <\/h4>        <\/div>            <p>                Ticking the Delay JavaScript textbox will delay the loading of JavaScript until either:            <\/p>            <ul>                <li>The user interacts with the page in any way <\/li>                <li>A certain number of seconds (as configured) elapses <\/li>            <\/ul>              <p>                This is a more aggressive method of deferring JavaScript and can sometimes cause issues with pages, depending on how exactly the JavaScript works.                  For this reason, there are several further options available to configure the way this works:            <\/p>            <h4>Exclude scripts from delay<\/h4>            <p>                Enter any script name or partial script names here to have them excluded from deferring. It will match against the entire script block, including tags such as <i>rel<\/i> and the script contents.                  Useful for scripts that need to run immediately.             <\/p>               <h4>Exclude URLs from delay<\/h4>            <p>                Enter any full or partial URLs here. If matched, no JavaScript delay will take place on that URL.                  Helps avoid breaking key functionality.             <\/p>               <h4>Load JavaScript First<\/h4>            <p>                Enter any script name or partial script names here to bring them to the front of the load order.                  Ideal for high-priority scripts.             <\/p>               <h4>Load JavaScript Last<\/h4>            <p>                Enter any script name or partial script names here to push them to the end of the load order.                  This can improve perceived page speed.             <\/p>               <h4>JavaScript to run on completion<\/h4>            <p>                Enter JavaScript here that should be run after all the scripts have finished loading.                  Enter complete JavaScript with no script tags.            <\/p>                                                       <\/div>\n"
    },
    "banners": {
        "low": "https:\/\/speedifypress.com\/license\/banner-772x250.png",
        "high": "https:\/\/speedifypress.com\/license\/banner-1544x500.png"
    }
}