{
    "name": "SpeedifyPress",
    "slug": "speedify_press",
    "author": "<a href='https:\/\/speedifypress.com'>SpeedifyPress<\/a>",
    "author_profile": "https:\/\/speedifypress.com",
    "homepage": "https:\/\/speedifypress.com",
    "version": "0.33.0",
    "requires": "4.7",
    "tested": "6.5.5",
    "requires_php": "7.0.0",
    "sections": {
        "description": "The ultimate WordPress Optimisation toolkit",
        "changelog": "<h4>0.33.0 - 4 March, 2025<\/h4><ul><li>Rename to SpeedifyPress complete<\/li><li>Add licensing functionality<\/li><li>Fixes to backend UI maintaining global data<\/li><li>Updates to docs<\/li><\/ul><h4>0.32.0 - 4 March, 2025<\/h4><ul><li>Rename to SpeedifyPress<\/li><\/ul><h4>0.31.0 - 4 March, 2025<\/h4><ul><li>Add ability to generate at specific resolutions<\/li><\/ul><h4>0.30.0 - 4 March, 2025<\/h4><ul><li>Various fixes and improvements<\/li><\/ul><h4>0.29.0 - 4 March, 2025<\/h4><ul><li>Add global find\/replace functionality<\/li><\/ul><h4>0.28.0 - 4 March, 2025<\/h4><ul><li>Reorganise structure, add font and lcp image preloading<\/li><\/ul><h4>0.27.0 - 4 March, 2025<\/h4><ul><li>Add onload callback<\/li><\/ul><h4>0.26.0 - 4 March, 2025<\/h4><ul><li>Add Javascript defer and delay<\/li><\/ul><h4>0.25.0 - 4 March, 2025<\/h4><ul><li>Improve tagging function<\/li><\/ul><h4>0.24.0 - 4 March, 2025<\/h4><ul><li>Improvements to font collection<\/li><\/ul><p>Full changelog: <a href='https:\/\/speedifypress.com\/changelog\/'>https:\/\/speedifypress.com\/changelog\/<\/a><\/p>",
        "faq": "<h3>How to use the  CSS Settings?<\/h3>\n\n<div>        <!-- Mode Selection -->    <div>            <h4>Mode Selection<\/h4>    <\/div>            <h4>Choose the Unused CSS Mode<\/h4>    <p>      When you first install the plugin, the CSS setting will be set to       <span>Preview Mode<\/span>.       This allows you to test the plugin as an admin and ensure that unused CSS is removed as expected.    <\/p>    <ul>      <li><strong>Visit some pages<\/strong> on your site.<\/li>      <li><strong>Scroll and wait<\/strong> a few seconds on each page.<\/li>      <li>Keep <a href=\"#\">The Dashboard<\/a> open in another tab.<\/li>      <li>Monitor the <strong>Cache Status<\/strong>&mdash;the number of files &amp; pages should increase.<\/li>      <li><strong>Revisit the pages<\/strong>&mdash;they should now load with optimized CSS.<\/li>      <li> If not, try clearing your page cache (most caches should update automatically).<\/li>    <\/ul>                     <h4>Choose the Inclusion Method<\/h4>    <p>      Decide how your optimized CSS is loaded:    <\/p>    <ul>      <li> <strong>Inline CSS:<\/strong> Inserts all styles at the top of the document, improving Google PageSpeed Insights scores.<\/li>      <li> <strong>External CSS Files:<\/strong> Loads individual CSS files, making navigation smoother by caching CSS across multiple pages.<\/li>    <\/ul>    <!-- Filters -->    <div>            <h4>Filters<\/h4>    <\/div>    <h4>Force Include Selectors<\/h4>    <p>      Use this option to always include specific CSS selectors. If elements lose their styling, it&rsquo;s likely because JavaScript dynamically adds the CSS.    <\/p>        <h4> How to fix it:<\/h4>    <ul>      <li>Ensure that <strong>Preview Mode<\/strong> is enabled.<\/li>      <li>Open an incognito tab and visit the same page where styling is incorrect.<\/li>      <li>Right-click the affected element and select <strong>Inspect<\/strong>.<\/li>      <li>Find the CSS class responsible for applying the correct styles.<\/li>      <li>Add that class to the <strong>Force Include Selectors<\/strong> list.<\/li>      <li> Clear the cache and check if the issue is resolved.<\/li>    <\/ul>            <h4>Force Include URLs<\/h4>    <p>      Specify URLs where <strong>no CSS optimization<\/strong> should occur. Supports <strong>full URLs<\/strong> and <strong>regular expressions<\/strong>.    <\/p>                         <h4>Force Ignore Cookies<\/h4>    <p>      Exclude CSS processing based on cookie values.        Example:    <\/p>    <ul>      <li> <i>wordpress_logged_in_<\/i> &rarr; Excludes logged-in users.<\/li>      <li> <i>woocommerce_cart_hash<\/i> &rarr; Excludes users with an item in their cart.<\/li>    <\/ul>                         <h4>Generation by Screen Resolution<\/h4>    <p>      Generates optimized CSS at specific screen resolutions while using the same CSS for all resolutions.        Useful when page content significantly varies across different screen sizes.    <\/p>  <\/div>\n<h3>How to use the  CSS Stats?<\/h3>\n\n<div>            <p>            <strong>CSS Stats<\/strong> provide valuable insights into how CSS is being generated across your site and which plugins contribute to it.        <\/p>        <ul>            <li>The <strong>Unused<\/strong> column shows the number of CSS files generated but <strong>not used<\/strong> on any page.<\/li>            <li>The <strong>Used<\/strong> column displays the CSS files that are actively in use.<\/li>            <li>Click on a row for a <strong>detailed breakdown<\/strong> of how CSS is applied across your site.<\/li>        <\/ul>        <h4>By Plugin Folder<\/h4>        <p>            View a breakdown of <strong>CSS files generated per  plugin folder<\/strong>. This helps identify which plugins contribute the most to your site's styles.        <\/p>        <h4>By Path<\/h4>        <p>            Displays CSS caching stats <strong>for each  page path<\/strong>. This helps pinpoint where CSS is stored and how it's being utilized across different URLs.        <\/p>        <h4>By Post Types<\/h4>        <p>            Groups CSS stats by <strong> Post Type<\/strong>, allowing you to analyze <strong>which plugins affect different content types<\/strong>.        <\/p>        <ul>            <li>If certain post types <strong>only<\/strong> fill the <strong>Unused<\/strong> column, they likely don&rsquo;t need those styles&mdash;optimizing them can improve performance.<\/li>        <\/ul>    <\/div>\n<h3>How to use the  Find Replace?<\/h3>\n\n<div>            <p>            <strong>Find\/Replace<\/strong> is an advanced feature that allows you to directly <strong>search and replace<\/strong> text in the HTML of all pages on your site.        <\/p>        <h4>Add Row<\/h4>        <p>            Start by clicking <strong>\"Add Row\"<\/strong> and entering the text to find and replace.              <strong>Important:<\/strong> Regular expressions are <strong>not supported<\/strong>, and replacements are <strong>case-sensitive<\/strong>.        <\/p>        <h4>Choose Scope<\/h4>        <p>            Choose how replacements are applied:          <\/p>        <ul>            <li><strong>Scope: all<\/strong> &ndash; Apply the replacement <strong>everywhere<\/strong> on the page.<\/li>            <li><strong>Scope: first<\/strong> &ndash; Replace <strong>only the first occurrence<\/strong> of the text.<\/li>        <\/ul>    <\/div>\n<h3>How to use the  General Settings?<\/h3>\n\n<div>            <div>                        <h4>                            External Scripts            <\/h4>        <\/div>            <h4>Locally host gtag.js<\/h4>            <p>                If you are using the standard Google Analytics tag then this generally results in a performance hit. One way to improve things is to host the file locally.                 Ticking this option will download the remote file and setup a cron job to ensure it's always kept up to date.                 This is the recommended method for most sites using GA.             <\/p>            <h4>Preload gtag.js<\/h4>            <p>                Adds a preload in for the locally hosted gtag.js. You won't generally see a performance increase from this, but it can be worth testing.            <\/p>            <h4>Add scripts to Partytown<\/h4>            <p>                 Partytown is an experimental feature that allows you load certain scripts via a web worker and therefore not in the main JavaScript thread.                 It was developed by <a href=\"https:\/\/partytown.builder.io\/\" target=\"_blank\">https:\/\/partytown.builder.io\/<\/a>. To add the locally hosted gtag here, just enter \"local_tag\" to the box.                 This will generally give a performance boost of a few points, but may affect the amount of sessions reported. It's therefore most suited to new sites.             <\/p>        <div>                        <h4>                Images            <\/h4>        <\/div>            <h4>Preload Image<\/h4>            <p>                This is a recommended feature for every site. Adding an image here will activate image lazy loading and set a default image to be displayed before the real image is loaded.                 It's recommended that you choose a very lightweight SVG image here.             <\/p>            <h4>Skip Lazyloading<\/h4>            <p>                Allows you to  skip the lazyloading of certain images. This would normally be for images that are shown above the fold. For example, you should skip lazyloading of your logo.                 Any images that are added here will be preloaded by default.             <\/p>    <\/div>\n<h3>How to use the  Javascript Settings?<\/h3>\n\n<div>            <div>                        <h4>                             Defer JavaScript            <\/h4>        <\/div>                    <p>                Ticking the Defer JavaScript textbox will add the <i>defer<\/i> attribute to the script tag. This will defer the loading of the JavaScript until after the DOM has finished parsing (but before the DOM content is ready).                  Try this one first and see what the effect is on page speed.             <\/p>            <h4>Exclude scripts from defer<\/h4>            <p>                Enter any script name or partial script names here to have them excluded from deferring. It will match against the entire script block, including tags such as <i>rel<\/i> and the script contents.                  This can help prevent conflicts with essential scripts.             <\/p>                        <h4>Exclude URLs from defer<\/h4>            <p>                JavaScript will not be deferred on any URLs that match strings or regular expressions entered here.                  Useful for ensuring key functionality remains intact.             <\/p>                    <div>                        <h4>                             Delay JavaScript            <\/h4>        <\/div>            <p>                Ticking the Delay JavaScript textbox will delay the loading of JavaScript until either:            <\/p>            <ul>                <li>The user interacts with the page in any way <\/li>                <li>A certain number of seconds (as configured) elapses <\/li>            <\/ul>              <p>                This is a more aggressive method of deferring JavaScript and can sometimes cause issues with pages, depending on how exactly the JavaScript works.                  For this reason, there are several further options available to configure the way this works:            <\/p>            <h4>Exclude scripts from delay<\/h4>            <p>                Enter any script name or partial script names here to have them excluded from deferring. It will match against the entire script block, including tags such as <i>rel<\/i> and the script contents.                  Useful for scripts that need to run immediately.             <\/p>               <h4>Exclude URLs from delay<\/h4>            <p>                Enter any full or partial URLs here. If matched, no JavaScript delay will take place on that URL.                  Helps avoid breaking key functionality.             <\/p>               <h4>Load JavaScript First<\/h4>            <p>                Enter any script name or partial script names here to bring them to the front of the load order.                  Ideal for high-priority scripts.             <\/p>               <h4>Load JavaScript Last<\/h4>            <p>                Enter any script name or partial script names here to push them to the end of the load order.                  This can improve perceived page speed.             <\/p>               <h4>JavaScript to run on completion<\/h4>            <p>                Enter JavaScript here that should be run after all the scripts have finished loading.                  Enter complete JavaScript with no script tags.            <\/p>                                                       <\/div>\n"
    },
    "banners": {
        "low": "https:\/\/speedifypress.com\/banner-772x250.png",
        "high": "https:\/\/speedifypress.com\/banner-1544x500.png"
    }
}